,model,metrics,values
938,LogReg,test_f1_weighted,0.8080636758443912
939,LogReg,test_f1_weighted,0.8080636758443912
936,LogReg,test_f1_weighted,0.8080636758443912
950,LogReg,test_f1_weighted,0.8080636758443912
944,LogReg,test_f1_weighted,0.8080636758443912
953,LogReg,test_f1_weighted,0.8080636758443912
396,LogReg,test_accuracy,0.8081330868761553
759,LogReg,test_recall_weighted,0.8081330868761553
398,LogReg,test_accuracy,0.8081330868761553
399,LogReg,test_accuracy,0.8081330868761553
758,LogReg,test_recall_weighted,0.8081330868761553
756,LogReg,test_recall_weighted,0.8081330868761553
404,LogReg,test_accuracy,0.8081330868761553
770,LogReg,test_recall_weighted,0.8081330868761553
773,LogReg,test_recall_weighted,0.8081330868761553
764,LogReg,test_recall_weighted,0.8081330868761553
410,LogReg,test_accuracy,0.8081330868761553
413,LogReg,test_accuracy,0.8081330868761553
584,LogReg,test_precision_weighted,0.8085252484200542
593,LogReg,test_precision_weighted,0.8085252484200542
590,LogReg,test_precision_weighted,0.8085252484200542
576,LogReg,test_precision_weighted,0.8085252484200542
578,LogReg,test_precision_weighted,0.8085252484200542
579,LogReg,test_precision_weighted,0.8085252484200542
406,LogReg,test_accuracy,0.8092421441774492
753,LogReg,test_recall_weighted,0.8092421441774492
412,LogReg,test_accuracy,0.8092421441774492
414,LogReg,test_accuracy,0.8092421441774492
416,LogReg,test_accuracy,0.8092421441774492
776,LogReg,test_recall_weighted,0.8092421441774492
393,LogReg,test_accuracy,0.8092421441774492
754,LogReg,test_recall_weighted,0.8092421441774492
394,LogReg,test_accuracy,0.8092421441774492
766,LogReg,test_recall_weighted,0.8092421441774492
774,LogReg,test_recall_weighted,0.8092421441774492
772,LogReg,test_recall_weighted,0.8092421441774492
954,LogReg,test_f1_weighted,0.8092669641899168
956,LogReg,test_f1_weighted,0.8092669641899168
933,LogReg,test_f1_weighted,0.8092669641899168
946,LogReg,test_f1_weighted,0.8092669641899168
952,LogReg,test_f1_weighted,0.8092669641899168
934,LogReg,test_f1_weighted,0.8092669641899168
573,LogReg,test_precision_weighted,0.8099856021382086
594,LogReg,test_precision_weighted,0.8099856021382086
596,LogReg,test_precision_weighted,0.8099856021382086
574,LogReg,test_precision_weighted,0.8099856021382086
592,LogReg,test_precision_weighted,0.8099856021382086
586,LogReg,test_precision_weighted,0.8099856021382086
924,GNB,test_f1_weighted,0.816959025246766
913,GNB,test_f1_weighted,0.816959025246766
925,GNB,test_f1_weighted,0.816959025246766
929,GNB,test_f1_weighted,0.816959025246766
910,GNB,test_f1_weighted,0.816959025246766
903,GNB,test_f1_weighted,0.816959025246766
907,GNB,test_f1_weighted,0.816959025246766
723,GNB,test_recall_weighted,0.8170055452865065
367,GNB,test_accuracy,0.8170055452865065
363,GNB,test_accuracy,0.8170055452865065
389,GNB,test_accuracy,0.8170055452865065
749,GNB,test_recall_weighted,0.8170055452865065
373,GNB,test_accuracy,0.8170055452865065
730,GNB,test_recall_weighted,0.8170055452865065
733,GNB,test_recall_weighted,0.8170055452865065
384,GNB,test_accuracy,0.8170055452865065
385,GNB,test_accuracy,0.8170055452865065
744,GNB,test_recall_weighted,0.8170055452865065
745,GNB,test_recall_weighted,0.8170055452865065
370,GNB,test_accuracy,0.8170055452865065
727,GNB,test_recall_weighted,0.8170055452865065
565,GNB,test_precision_weighted,0.8188471870020805
569,GNB,test_precision_weighted,0.8188471870020805
564,GNB,test_precision_weighted,0.8188471870020805
553,GNB,test_precision_weighted,0.8188471870020805
550,GNB,test_precision_weighted,0.8188471870020805
547,GNB,test_precision_weighted,0.8188471870020805
543,GNB,test_precision_weighted,0.8188471870020805
901,GNB,test_f1_weighted,0.819377550112521
918,GNB,test_f1_weighted,0.819377550112521
915,GNB,test_f1_weighted,0.819377550112521
904,GNB,test_f1_weighted,0.819377550112521
926,GNB,test_f1_weighted,0.819377550112521
909,GNB,test_f1_weighted,0.819377550112521
905,GNB,test_f1_weighted,0.819377550112521
721,GNB,test_recall_weighted,0.8195933456561922
738,GNB,test_recall_weighted,0.8195933456561922
746,GNB,test_recall_weighted,0.8195933456561922
378,GNB,test_accuracy,0.8195933456561922
375,GNB,test_accuracy,0.8195933456561922
729,GNB,test_recall_weighted,0.8195933456561922
369,GNB,test_accuracy,0.8195933456561922
725,GNB,test_recall_weighted,0.8195933456561922
724,GNB,test_recall_weighted,0.8195933456561922
365,GNB,test_accuracy,0.8195933456561922
364,GNB,test_accuracy,0.8195933456561922
361,GNB,test_accuracy,0.8195933456561922
386,GNB,test_accuracy,0.8195933456561922
735,GNB,test_recall_weighted,0.8195933456561922
937,LogReg,test_f1_weighted,0.819962539317927
959,LogReg,test_f1_weighted,0.819962539317927
958,LogReg,test_f1_weighted,0.819962539317927
957,LogReg,test_f1_weighted,0.819962539317927
955,LogReg,test_f1_weighted,0.819962539317927
935,LogReg,test_f1_weighted,0.819962539317927
949,LogReg,test_f1_weighted,0.819962539317927
947,LogReg,test_f1_weighted,0.819962539317927
945,LogReg,test_f1_weighted,0.819962539317927
943,LogReg,test_f1_weighted,0.819962539317927
778,LogReg,test_recall_weighted,0.8199630314232902
418,LogReg,test_accuracy,0.8199630314232902
775,LogReg,test_recall_weighted,0.8199630314232902
755,LogReg,test_recall_weighted,0.8199630314232902
417,LogReg,test_accuracy,0.8199630314232902
415,LogReg,test_accuracy,0.8199630314232902
769,LogReg,test_recall_weighted,0.8199630314232902
757,LogReg,test_recall_weighted,0.8199630314232902
409,LogReg,test_accuracy,0.8199630314232902
765,LogReg,test_recall_weighted,0.8199630314232902
395,LogReg,test_accuracy,0.8199630314232902
407,LogReg,test_accuracy,0.8199630314232902
405,LogReg,test_accuracy,0.8199630314232902
763,LogReg,test_recall_weighted,0.8199630314232902
403,LogReg,test_accuracy,0.8199630314232902
777,LogReg,test_recall_weighted,0.8199630314232902
767,LogReg,test_recall_weighted,0.8199630314232902
397,LogReg,test_accuracy,0.8199630314232902
419,LogReg,test_accuracy,0.8199630314232902
779,LogReg,test_recall_weighted,0.8199630314232902
577,LogReg,test_precision_weighted,0.8199676503834501
575,LogReg,test_precision_weighted,0.8199676503834501
583,LogReg,test_precision_weighted,0.8199676503834501
598,LogReg,test_precision_weighted,0.8199676503834501
585,LogReg,test_precision_weighted,0.8199676503834501
587,LogReg,test_precision_weighted,0.8199676503834501
589,LogReg,test_precision_weighted,0.8199676503834501
597,LogReg,test_precision_weighted,0.8199676503834501
599,LogReg,test_precision_weighted,0.8199676503834501
595,LogReg,test_precision_weighted,0.8199676503834501
541,GNB,test_precision_weighted,0.8211491732493732
544,GNB,test_precision_weighted,0.8211491732493732
545,GNB,test_precision_weighted,0.8211491732493732
549,GNB,test_precision_weighted,0.8211491732493732
555,GNB,test_precision_weighted,0.8211491732493732
558,GNB,test_precision_weighted,0.8211491732493732
566,GNB,test_precision_weighted,0.8211491732493732
940,LogReg,test_f1_weighted,0.8225492311644721
931,LogReg,test_f1_weighted,0.8225492311644721
930,LogReg,test_f1_weighted,0.8225492311644721
942,LogReg,test_f1_weighted,0.8225492311644721
762,LogReg,test_recall_weighted,0.822550831792976
760,LogReg,test_recall_weighted,0.822550831792976
400,LogReg,test_accuracy,0.822550831792976
750,LogReg,test_recall_weighted,0.822550831792976
391,LogReg,test_accuracy,0.822550831792976
402,LogReg,test_accuracy,0.822550831792976
751,LogReg,test_recall_weighted,0.822550831792976
390,LogReg,test_accuracy,0.822550831792976
580,LogReg,test_precision_weighted,0.8225557247356332
571,LogReg,test_precision_weighted,0.8225557247356332
570,LogReg,test_precision_weighted,0.8225557247356332
582,LogReg,test_precision_weighted,0.8225557247356332
928,GNB,test_f1_weighted,0.8238051609295144
927,GNB,test_f1_weighted,0.8238051609295144
900,GNB,test_f1_weighted,0.8238051609295144
906,GNB,test_f1_weighted,0.8238051609295144
912,GNB,test_f1_weighted,0.8238051609295144
920,GNB,test_f1_weighted,0.8238051609295144
923,GNB,test_f1_weighted,0.8238051609295144
748,GNB,test_recall_weighted,0.8240295748613679
743,GNB,test_recall_weighted,0.8240295748613679
740,GNB,test_recall_weighted,0.8240295748613679
732,GNB,test_recall_weighted,0.8240295748613679
726,GNB,test_recall_weighted,0.8240295748613679
747,GNB,test_recall_weighted,0.8240295748613679
360,GNB,test_accuracy,0.8240295748613679
720,GNB,test_recall_weighted,0.8240295748613679
387,GNB,test_accuracy,0.8240295748613679
380,GNB,test_accuracy,0.8240295748613679
388,GNB,test_accuracy,0.8240295748613679
366,GNB,test_accuracy,0.8240295748613679
372,GNB,test_accuracy,0.8240295748613679
383,GNB,test_accuracy,0.8240295748613679
546,GNB,test_precision_weighted,0.8245662382722494
552,GNB,test_precision_weighted,0.8245662382722494
567,GNB,test_precision_weighted,0.8245662382722494
540,GNB,test_precision_weighted,0.8245662382722494
563,GNB,test_precision_weighted,0.8245662382722494
560,GNB,test_precision_weighted,0.8245662382722494
568,GNB,test_precision_weighted,0.8245662382722494
768,LogReg,test_recall_weighted,0.8269870609981516
392,LogReg,test_accuracy,0.8269870609981516
401,LogReg,test_accuracy,0.8269870609981516
408,LogReg,test_accuracy,0.8269870609981516
771,LogReg,test_recall_weighted,0.8269870609981516
752,LogReg,test_recall_weighted,0.8269870609981516
761,LogReg,test_recall_weighted,0.8269870609981516
411,LogReg,test_accuracy,0.8269870609981516
932,LogReg,test_f1_weighted,0.8270093927451702
941,LogReg,test_f1_weighted,0.8270093927451702
948,LogReg,test_f1_weighted,0.8270093927451702
951,LogReg,test_f1_weighted,0.8270093927451702
588,LogReg,test_precision_weighted,0.8270895965767988
591,LogReg,test_precision_weighted,0.8270895965767988
572,LogReg,test_precision_weighted,0.8270895965767988
581,LogReg,test_precision_weighted,0.8270895965767988
919,GNB,test_f1_weighted,0.828909363211483
921,GNB,test_f1_weighted,0.828909363211483
741,GNB,test_recall_weighted,0.8292051756007394
739,GNB,test_recall_weighted,0.8292051756007394
381,GNB,test_accuracy,0.8292051756007394
379,GNB,test_accuracy,0.8292051756007394
902,GNB,test_f1_weighted,0.8313714381736564
911,GNB,test_f1_weighted,0.8313714381736564
914,GNB,test_f1_weighted,0.8313714381736564
922,GNB,test_f1_weighted,0.8313714381736564
916,GNB,test_f1_weighted,0.8313714381736564
908,GNB,test_f1_weighted,0.8313714381736564
917,GNB,test_f1_weighted,0.8313714381736564
561,GNB,test_precision_weighted,0.8313720885414304
559,GNB,test_precision_weighted,0.8313720885414304
374,GNB,test_accuracy,0.8314232902033272
728,GNB,test_recall_weighted,0.8314232902033272
368,GNB,test_accuracy,0.8314232902033272
362,GNB,test_accuracy,0.8314232902033272
722,GNB,test_recall_weighted,0.8314232902033272
371,GNB,test_accuracy,0.8314232902033272
376,GNB,test_accuracy,0.8314232902033272
736,GNB,test_recall_weighted,0.8314232902033272
382,GNB,test_accuracy,0.8314232902033272
742,GNB,test_recall_weighted,0.8314232902033272
731,GNB,test_recall_weighted,0.8314232902033272
377,GNB,test_accuracy,0.8314232902033272
737,GNB,test_recall_weighted,0.8314232902033272
734,GNB,test_recall_weighted,0.8314232902033272
554,GNB,test_precision_weighted,0.8318883314262242
562,GNB,test_precision_weighted,0.8318883314262242
548,GNB,test_precision_weighted,0.8318883314262242
551,GNB,test_precision_weighted,0.8318883314262242
556,GNB,test_precision_weighted,0.8318883314262242
557,GNB,test_precision_weighted,0.8318883314262242
542,GNB,test_precision_weighted,0.8318883314262242
1124,LogReg,test_roc_auc,0.8956080360803608
1118,LogReg,test_roc_auc,0.8956080360803608
1119,LogReg,test_roc_auc,0.8956080360803608
1116,LogReg,test_roc_auc,0.8956080360803608
1133,LogReg,test_roc_auc,0.8956080360803608
1130,LogReg,test_roc_auc,0.8956080360803608
1098,GNB,test_roc_auc,0.8958396200422467
1085,GNB,test_roc_auc,0.8958396200422467
1084,GNB,test_roc_auc,0.8958396200422467
1081,GNB,test_roc_auc,0.8958396200422467
1089,GNB,test_roc_auc,0.8958396200422467
1095,GNB,test_roc_auc,0.8958396200422467
1106,GNB,test_roc_auc,0.8958396200422467
1083,GNB,test_roc_auc,0.8961187664257375
1090,GNB,test_roc_auc,0.8961187664257375
1093,GNB,test_roc_auc,0.8961187664257375
1104,GNB,test_roc_auc,0.8961187664257375
1105,GNB,test_roc_auc,0.8961187664257375
1109,GNB,test_roc_auc,0.8961187664257375
1087,GNB,test_roc_auc,0.8961187664257375
1136,LogReg,test_roc_auc,0.8976773651420955
1126,LogReg,test_roc_auc,0.8976773651420955
1132,LogReg,test_roc_auc,0.8976773651420955
1113,LogReg,test_roc_auc,0.8976773651420955
1114,LogReg,test_roc_auc,0.8976773651420955
1134,LogReg,test_roc_auc,0.8976773651420955
1137,LogReg,test_roc_auc,0.8995821251918813
1129,LogReg,test_roc_auc,0.8995821251918813
1127,LogReg,test_roc_auc,0.8995821251918813
1115,LogReg,test_roc_auc,0.8995821251918813
1138,LogReg,test_roc_auc,0.8995821251918813
1139,LogReg,test_roc_auc,0.8995821251918813
1135,LogReg,test_roc_auc,0.8995821251918813
1125,LogReg,test_roc_auc,0.8995821251918813
1123,LogReg,test_roc_auc,0.8995821251918813
1117,LogReg,test_roc_auc,0.8995821251918813
1111,LogReg,test_roc_auc,0.9029170425037585
1120,LogReg,test_roc_auc,0.9029170425037585
1110,LogReg,test_roc_auc,0.9029170425037585
1122,LogReg,test_roc_auc,0.9029170425037585
1092,GNB,test_roc_auc,0.9034045463249172
1086,GNB,test_roc_auc,0.9034045463249172
1100,GNB,test_roc_auc,0.9034045463249172
1103,GNB,test_roc_auc,0.9034045463249172
1080,GNB,test_roc_auc,0.9034045463249172
1107,GNB,test_roc_auc,0.9034045463249172
1108,GNB,test_roc_auc,0.9034045463249172
1121,LogReg,test_roc_auc,0.9042908334929015
1131,LogReg,test_roc_auc,0.9042908334929015
1112,LogReg,test_roc_auc,0.9042908334929015
1128,LogReg,test_roc_auc,0.9042908334929015
1088,GNB,test_roc_auc,0.9055973759737597
1082,GNB,test_roc_auc,0.9055973759737597
1091,GNB,test_roc_auc,0.9055973759737597
1096,GNB,test_roc_auc,0.9055973759737597
1097,GNB,test_roc_auc,0.9055973759737597
1102,GNB,test_roc_auc,0.9055973759737597
1094,GNB,test_roc_auc,0.9055973759737597
1099,GNB,test_roc_auc,0.9129041957086238
1101,GNB,test_roc_auc,0.9129041957086238
1020,SVM,test_f1_weighted,0.9277703586005799
1044,SVM,test_f1_weighted,0.9277703586005799
1021,SVM,test_f1_weighted,0.9277703586005799
1028,SVM,test_f1_weighted,0.9277703586005799
864,SVM,test_recall_weighted,0.9279112754158965
481,SVM,test_accuracy,0.9279112754158965
488,SVM,test_accuracy,0.9279112754158965
480,SVM,test_accuracy,0.9279112754158965
840,SVM,test_recall_weighted,0.9279112754158965
841,SVM,test_recall_weighted,0.9279112754158965
504,SVM,test_accuracy,0.9279112754158965
848,SVM,test_recall_weighted,0.9279112754158965
668,SVM,test_precision_weighted,0.9311270708298455
661,SVM,test_precision_weighted,0.9311270708298455
684,SVM,test_precision_weighted,0.9311270708298455
660,SVM,test_precision_weighted,0.9311270708298455
1029,SVM,test_f1_weighted,0.9356580925392827
1049,SVM,test_f1_weighted,0.9356580925392827
1048,SVM,test_f1_weighted,0.9356580925392827
1041,SVM,test_f1_weighted,0.9356580925392827
1042,SVM,test_f1_weighted,0.9356580925392827
1040,SVM,test_f1_weighted,0.9356580925392827
502,SVM,test_accuracy,0.9356746765249538
501,SVM,test_accuracy,0.9356746765249538
509,SVM,test_accuracy,0.9356746765249538
500,SVM,test_accuracy,0.9356746765249538
849,SVM,test_recall_weighted,0.9356746765249538
860,SVM,test_recall_weighted,0.9356746765249538
868,SVM,test_recall_weighted,0.9356746765249538
861,SVM,test_recall_weighted,0.9356746765249538
869,SVM,test_recall_weighted,0.9356746765249538
862,SVM,test_recall_weighted,0.9356746765249538
489,SVM,test_accuracy,0.9356746765249538
508,SVM,test_accuracy,0.9356746765249538
669,SVM,test_precision_weighted,0.9361832150688489
688,SVM,test_precision_weighted,0.9361832150688489
680,SVM,test_precision_weighted,0.9361832150688489
681,SVM,test_precision_weighted,0.9361832150688489
682,SVM,test_precision_weighted,0.9361832150688489
689,SVM,test_precision_weighted,0.9361832150688489
1022,SVM,test_f1_weighted,0.9378430788290952
1045,SVM,test_f1_weighted,0.9378430788290952
1034,SVM,test_f1_weighted,0.9378430788290952
1025,SVM,test_f1_weighted,0.9378430788290952
1033,SVM,test_f1_weighted,0.9378430788290952
1027,SVM,test_f1_weighted,0.9378430788290952
1046,SVM,test_f1_weighted,0.9378430788290952
1030,SVM,test_f1_weighted,0.9378430788290952
505,SVM,test_accuracy,0.9378927911275415
485,SVM,test_accuracy,0.9378927911275415
494,SVM,test_accuracy,0.9378927911275415
842,SVM,test_recall_weighted,0.9378927911275415
845,SVM,test_recall_weighted,0.9378927911275415
850,SVM,test_recall_weighted,0.9378927911275415
482,SVM,test_accuracy,0.9378927911275415
493,SVM,test_accuracy,0.9378927911275415
853,SVM,test_recall_weighted,0.9378927911275415
487,SVM,test_accuracy,0.9378927911275415
506,SVM,test_accuracy,0.9378927911275415
490,SVM,test_accuracy,0.9378927911275415
866,SVM,test_recall_weighted,0.9378927911275415
865,SVM,test_recall_weighted,0.9378927911275415
847,SVM,test_recall_weighted,0.9378927911275415
854,SVM,test_recall_weighted,0.9378927911275415
507,SVM,test_accuracy,0.9382624768946396
867,SVM,test_recall_weighted,0.9382624768946396
844,SVM,test_recall_weighted,0.9382624768946396
492,SVM,test_accuracy,0.9382624768946396
484,SVM,test_accuracy,0.9382624768946396
855,SVM,test_recall_weighted,0.9382624768946396
857,SVM,test_recall_weighted,0.9382624768946396
503,SVM,test_accuracy,0.9382624768946396
863,SVM,test_recall_weighted,0.9382624768946396
852,SVM,test_recall_weighted,0.9382624768946396
497,SVM,test_accuracy,0.9382624768946396
495,SVM,test_accuracy,0.9382624768946396
1037,SVM,test_f1_weighted,0.9382711341704674
1032,SVM,test_f1_weighted,0.9382711341704674
1047,SVM,test_f1_weighted,0.9382711341704674
1024,SVM,test_f1_weighted,0.9382711341704674
1035,SVM,test_f1_weighted,0.9382711341704674
1043,SVM,test_f1_weighted,0.9382711341704674
664,SVM,test_precision_weighted,0.9391132063826247
672,SVM,test_precision_weighted,0.9391132063826247
687,SVM,test_precision_weighted,0.9391132063826247
683,SVM,test_precision_weighted,0.9391132063826247
677,SVM,test_precision_weighted,0.9391132063826247
675,SVM,test_precision_weighted,0.9391132063826247
667,SVM,test_precision_weighted,0.93927861055517
670,SVM,test_precision_weighted,0.93927861055517
685,SVM,test_precision_weighted,0.93927861055517
674,SVM,test_precision_weighted,0.93927861055517
686,SVM,test_precision_weighted,0.93927861055517
662,SVM,test_precision_weighted,0.93927861055517
665,SVM,test_precision_weighted,0.93927861055517
673,SVM,test_precision_weighted,0.93927861055517
1039,SVM,test_f1_weighted,0.9407824465004604
1023,SVM,test_f1_weighted,0.9407824465004604
1026,SVM,test_f1_weighted,0.9407824465004604
1031,SVM,test_f1_weighted,0.9407824465004604
1036,SVM,test_f1_weighted,0.9407824465004604
1038,SVM,test_f1_weighted,0.9407824465004604
486,SVM,test_accuracy,0.9408502772643254
491,SVM,test_accuracy,0.9408502772643254
483,SVM,test_accuracy,0.9408502772643254
859,SVM,test_recall_weighted,0.9408502772643254
858,SVM,test_recall_weighted,0.9408502772643254
499,SVM,test_accuracy,0.9408502772643254
498,SVM,test_accuracy,0.9408502772643254
851,SVM,test_recall_weighted,0.9408502772643254
496,SVM,test_accuracy,0.9408502772643254
843,SVM,test_recall_weighted,0.9408502772643254
846,SVM,test_recall_weighted,0.9408502772643254
856,SVM,test_recall_weighted,0.9408502772643254
666,SVM,test_precision_weighted,0.9417080548533683
671,SVM,test_precision_weighted,0.9417080548533683
663,SVM,test_precision_weighted,0.9417080548533683
679,SVM,test_precision_weighted,0.9417080548533683
678,SVM,test_precision_weighted,0.9417080548533683
676,SVM,test_precision_weighted,0.9417080548533683
1069,KNN,test_f1_weighted,0.9648341917639446
1052,KNN,test_f1_weighted,0.9648341917639446
1058,KNN,test_f1_weighted,0.9648341917639446
1059,KNN,test_f1_weighted,0.9648341917639446
1067,KNN,test_f1_weighted,0.9648341917639446
1072,KNN,test_f1_weighted,0.9648341917639446
1078,KNN,test_f1_weighted,0.9648341917639446
887,KNN,test_recall_weighted,0.9648798521256932
532,KNN,test_accuracy,0.9648798521256932
898,KNN,test_recall_weighted,0.9648798521256932
529,KNN,test_accuracy,0.9648798521256932
527,KNN,test_accuracy,0.9648798521256932
519,KNN,test_accuracy,0.9648798521256932
518,KNN,test_accuracy,0.9648798521256932
889,KNN,test_recall_weighted,0.9648798521256932
872,KNN,test_recall_weighted,0.9648798521256932
878,KNN,test_recall_weighted,0.9648798521256932
512,KNN,test_accuracy,0.9648798521256932
538,KNN,test_accuracy,0.9648798521256932
879,KNN,test_recall_weighted,0.9648798521256932
892,KNN,test_recall_weighted,0.9648798521256932
692,KNN,test_precision_weighted,0.9671808273312512
718,KNN,test_precision_weighted,0.9671808273312512
712,KNN,test_precision_weighted,0.9671808273312512
709,KNN,test_precision_weighted,0.9671808273312512
707,KNN,test_precision_weighted,0.9671808273312512
698,KNN,test_precision_weighted,0.9671808273312512
699,KNN,test_precision_weighted,0.9671808273312512
1201,SVM,test_roc_auc,0.9735224818914856
1200,SVM,test_roc_auc,0.9735224818914856
1224,SVM,test_roc_auc,0.9735224818914856
1208,SVM,test_roc_auc,0.9735224818914856
1057,KNN,test_f1_weighted,0.9741044068666265
1079,KNN,test_f1_weighted,0.9741044068666265
1061,KNN,test_f1_weighted,0.9741044068666265
1065,KNN,test_f1_weighted,0.9741044068666265
1051,KNN,test_f1_weighted,0.9741044068666265
1053,KNN,test_f1_weighted,0.9741044068666265
525,KNN,test_accuracy,0.9741219963031423
881,KNN,test_recall_weighted,0.9741219963031423
885,KNN,test_recall_weighted,0.9741219963031423
513,KNN,test_accuracy,0.9741219963031423
511,KNN,test_accuracy,0.9741219963031423
899,KNN,test_recall_weighted,0.9741219963031423
877,KNN,test_recall_weighted,0.9741219963031423
521,KNN,test_accuracy,0.9741219963031423
517,KNN,test_accuracy,0.9741219963031423
873,KNN,test_recall_weighted,0.9741219963031423
871,KNN,test_recall_weighted,0.9741219963031423
539,KNN,test_accuracy,0.9741219963031423
1076,KNN,test_f1_weighted,0.9744574302873057
1050,KNN,test_f1_weighted,0.9744574302873057
1073,KNN,test_f1_weighted,0.9744574302873057
1054,KNN,test_f1_weighted,0.9744574302873057
1063,KNN,test_f1_weighted,0.9744574302873057
1055,KNN,test_f1_weighted,0.9744574302873057
1064,KNN,test_f1_weighted,0.9744574302873057
1060,KNN,test_f1_weighted,0.9744574302873057
896,KNN,test_recall_weighted,0.9744916820702403
880,KNN,test_recall_weighted,0.9744916820702403
870,KNN,test_recall_weighted,0.9744916820702403
883,KNN,test_recall_weighted,0.9744916820702403
875,KNN,test_recall_weighted,0.9744916820702403
884,KNN,test_recall_weighted,0.9744916820702403
874,KNN,test_recall_weighted,0.9744916820702403
893,KNN,test_recall_weighted,0.9744916820702403
536,KNN,test_accuracy,0.9744916820702403
510,KNN,test_accuracy,0.9744916820702403
514,KNN,test_accuracy,0.9744916820702403
515,KNN,test_accuracy,0.9744916820702403
533,KNN,test_accuracy,0.9744916820702403
520,KNN,test_accuracy,0.9744916820702403
523,KNN,test_accuracy,0.9744916820702403
524,KNN,test_accuracy,0.9744916820702403
697,KNN,test_precision_weighted,0.9753949831329245
705,KNN,test_precision_weighted,0.9753949831329245
719,KNN,test_precision_weighted,0.9753949831329245
701,KNN,test_precision_weighted,0.9753949831329245
691,KNN,test_precision_weighted,0.9753949831329245
693,KNN,test_precision_weighted,0.9753949831329245
1066,KNN,test_f1_weighted,0.975587307491321
1074,KNN,test_f1_weighted,0.975587307491321
1071,KNN,test_f1_weighted,0.975587307491321
1070,KNN,test_f1_weighted,0.975587307491321
1062,KNN,test_f1_weighted,0.975587307491321
894,KNN,test_recall_weighted,0.9756007393715342
882,KNN,test_recall_weighted,0.9756007393715342
891,KNN,test_recall_weighted,0.9756007393715342
890,KNN,test_recall_weighted,0.9756007393715342
876,KNN,test_recall_weighted,0.9756007393715342
535,KNN,test_accuracy,0.9756007393715342
528,KNN,test_accuracy,0.9756007393715342
534,KNN,test_accuracy,0.9756007393715342
895,KNN,test_recall_weighted,0.9756007393715342
516,KNN,test_accuracy,0.9756007393715342
537,KNN,test_accuracy,0.9756007393715342
897,KNN,test_recall_weighted,0.9756007393715342
531,KNN,test_accuracy,0.9756007393715342
522,KNN,test_accuracy,0.9756007393715342
530,KNN,test_accuracy,0.9756007393715342
526,KNN,test_accuracy,0.9756007393715342
888,KNN,test_recall_weighted,0.9756007393715342
886,KNN,test_recall_weighted,0.9756007393715342
1068,KNN,test_f1_weighted,0.9756027201384793
1056,KNN,test_f1_weighted,0.9756027201384793
1075,KNN,test_f1_weighted,0.9756027201384793
1077,KNN,test_f1_weighted,0.9756027201384793
695,KNN,test_precision_weighted,0.9756988658405789
704,KNN,test_precision_weighted,0.9756988658405789
713,KNN,test_precision_weighted,0.9756988658405789
716,KNN,test_precision_weighted,0.9756988658405789
690,KNN,test_precision_weighted,0.9756988658405789
700,KNN,test_precision_weighted,0.9756988658405789
694,KNN,test_precision_weighted,0.9756988658405789
703,KNN,test_precision_weighted,0.9756988658405789
1211,SVM,test_roc_auc,0.975865517384749
1216,SVM,test_roc_auc,0.975865517384749
1218,SVM,test_roc_auc,0.975865517384749
1219,SVM,test_roc_auc,0.975865517384749
1203,SVM,test_roc_auc,0.975865517384749
1206,SVM,test_roc_auc,0.975865517384749
702,KNN,test_precision_weighted,0.976737993044895
706,KNN,test_precision_weighted,0.976737993044895
714,KNN,test_precision_weighted,0.976737993044895
710,KNN,test_precision_weighted,0.976737993044895
711,KNN,test_precision_weighted,0.976737993044895
715,KNN,test_precision_weighted,0.9767668155492886
696,KNN,test_precision_weighted,0.9767668155492886
708,KNN,test_precision_weighted,0.9767668155492886
717,KNN,test_precision_weighted,0.9767668155492886
1227,SVM,test_roc_auc,0.9782460267527423
1223,SVM,test_roc_auc,0.9782460267527423
1217,SVM,test_roc_auc,0.9782460267527423
1215,SVM,test_roc_auc,0.9782460267527423
1204,SVM,test_roc_auc,0.9782460267527423
1212,SVM,test_roc_auc,0.9782460267527423
1222,SVM,test_roc_auc,0.9785945059450594
1228,SVM,test_roc_auc,0.9785945059450594
1220,SVM,test_roc_auc,0.9785945059450594
1221,SVM,test_roc_auc,0.9785945059450594
1229,SVM,test_roc_auc,0.9785945059450594
1209,SVM,test_roc_auc,0.9785945059450594
1207,SVM,test_roc_auc,0.9789455385140189
1226,SVM,test_roc_auc,0.9789455385140189
1225,SVM,test_roc_auc,0.9789455385140189
1214,SVM,test_roc_auc,0.9789455385140189
1202,SVM,test_roc_auc,0.9789455385140189
1205,SVM,test_roc_auc,0.9789455385140189
1210,SVM,test_roc_auc,0.9789455385140189
1213,SVM,test_roc_auc,0.9789455385140189
972,XGB,test_f1_weighted,0.9866886271214262
967,XGB,test_f1_weighted,0.9866886271214262
980,XGB,test_f1_weighted,0.9866886271214262
988,XGB,test_f1_weighted,0.9866886271214262
976,XGB,test_f1_weighted,0.9866886271214262
792,XGB,test_recall_weighted,0.9866913123844732
427,XGB,test_accuracy,0.9866913123844732
436,XGB,test_accuracy,0.9866913123844732
808,XGB,test_recall_weighted,0.9866913123844732
800,XGB,test_recall_weighted,0.9866913123844732
796,XGB,test_recall_weighted,0.9866913123844732
440,XGB,test_accuracy,0.9866913123844732
432,XGB,test_accuracy,0.9866913123844732
448,XGB,test_accuracy,0.9866913123844732
787,XGB,test_recall_weighted,0.9866913123844732
607,XGB,test_precision_weighted,0.9870357500222583
612,XGB,test_precision_weighted,0.9870357500222583
616,XGB,test_precision_weighted,0.9870357500222583
620,XGB,test_precision_weighted,0.9870357500222583
628,XGB,test_precision_weighted,0.9870357500222583
1252,KNN,test_roc_auc,0.987037037037037
1249,KNN,test_roc_auc,0.987037037037037
1258,KNN,test_roc_auc,0.987037037037037
1232,KNN,test_roc_auc,0.987037037037037
1238,KNN,test_roc_auc,0.987037037037037
1239,KNN,test_roc_auc,0.987037037037037
1247,KNN,test_roc_auc,0.987037037037037
1254,KNN,test_roc_auc,0.9874538745387454
1242,KNN,test_roc_auc,0.9874538745387454
1251,KNN,test_roc_auc,0.9874538745387454
1250,KNN,test_roc_auc,0.9874538745387454
1246,KNN,test_roc_auc,0.9874538745387454
1253,KNN,test_roc_auc,0.9893617021276595
1243,KNN,test_roc_auc,0.9893617021276595
1234,KNN,test_roc_auc,0.9893617021276595
1240,KNN,test_roc_auc,0.9893617021276595
1230,KNN,test_roc_auc,0.9893617021276595
1256,KNN,test_roc_auc,0.9893617021276595
1244,KNN,test_roc_auc,0.9893617021276595
1235,KNN,test_roc_auc,0.9893617021276595
1257,KNN,test_roc_auc,0.9899280575539569
1248,KNN,test_roc_auc,0.9899280575539569
1236,KNN,test_roc_auc,0.9899280575539569
1255,KNN,test_roc_auc,0.9899280575539569
1233,KNN,test_roc_auc,0.9907544378698224
1231,KNN,test_roc_auc,0.9907544378698224
1237,KNN,test_roc_auc,0.9907544378698224
1241,KNN,test_roc_auc,0.9907544378698224
1245,KNN,test_roc_auc,0.9907544378698224
1259,KNN,test_roc_auc,0.9907544378698224
1010,RF,test_f1_weighted,0.9911266975388358
997,RF,test_f1_weighted,0.9911266975388358
830,RF,test_recall_weighted,0.9911275415896488
817,RF,test_recall_weighted,0.9911275415896488
470,RF,test_accuracy,0.9911275415896488
457,RF,test_accuracy,0.9911275415896488
637,RF,test_precision_weighted,0.991281957109481
650,RF,test_precision_weighted,0.991281957109481
978,XGB,test_f1_weighted,0.9922345019345299
984,XGB,test_f1_weighted,0.9922345019345299
960,XGB,test_f1_weighted,0.9922345019345299
970,XGB,test_f1_weighted,0.9922345019345299
971,XGB,test_f1_weighted,0.9922345019345299
966,XGB,test_f1_weighted,0.9922345019345299
987,XGB,test_f1_weighted,0.9922345019345299
989,XGB,test_f1_weighted,0.9922345019345299
968,XGB,test_f1_weighted,0.9922361086741432
986,XGB,test_f1_weighted,0.9922361086741432
962,XGB,test_f1_weighted,0.9922361086741432
975,XGB,test_f1_weighted,0.9922361086741432
964,XGB,test_f1_weighted,0.9922361086741432
974,XGB,test_f1_weighted,0.9922362423807435
969,XGB,test_f1_weighted,0.9922362423807435
979,XGB,test_f1_weighted,0.9922362423807435
973,XGB,test_f1_weighted,0.9922362423807435
983,XGB,test_f1_weighted,0.9922362423807435
963,XGB,test_f1_weighted,0.9922362423807435
793,XGB,test_recall_weighted,0.9922365988909427
794,XGB,test_recall_weighted,0.9922365988909427
795,XGB,test_recall_weighted,0.9922365988909427
798,XGB,test_recall_weighted,0.9922365988909427
799,XGB,test_recall_weighted,0.9922365988909427
803,XGB,test_recall_weighted,0.9922365988909427
804,XGB,test_recall_weighted,0.9922365988909427
806,XGB,test_recall_weighted,0.9922365988909427
807,XGB,test_recall_weighted,0.9922365988909427
791,XGB,test_recall_weighted,0.9922365988909427
790,XGB,test_recall_weighted,0.9922365988909427
424,XGB,test_accuracy,0.9922365988909427
788,XGB,test_recall_weighted,0.9922365988909427
426,XGB,test_accuracy,0.9922365988909427
428,XGB,test_accuracy,0.9922365988909427
429,XGB,test_accuracy,0.9922365988909427
430,XGB,test_accuracy,0.9922365988909427
431,XGB,test_accuracy,0.9922365988909427
433,XGB,test_accuracy,0.9922365988909427
434,XGB,test_accuracy,0.9922365988909427
435,XGB,test_accuracy,0.9922365988909427
438,XGB,test_accuracy,0.9922365988909427
439,XGB,test_accuracy,0.9922365988909427
789,XGB,test_recall_weighted,0.9922365988909427
443,XGB,test_accuracy,0.9922365988909427
446,XGB,test_accuracy,0.9922365988909427
447,XGB,test_accuracy,0.9922365988909427
449,XGB,test_accuracy,0.9922365988909427
423,XGB,test_accuracy,0.9922365988909427
422,XGB,test_accuracy,0.9922365988909427
420,XGB,test_accuracy,0.9922365988909427
780,XGB,test_recall_weighted,0.9922365988909427
782,XGB,test_recall_weighted,0.9922365988909427
783,XGB,test_recall_weighted,0.9922365988909427
786,XGB,test_recall_weighted,0.9922365988909427
444,XGB,test_accuracy,0.9922365988909427
784,XGB,test_recall_weighted,0.9922365988909427
809,XGB,test_recall_weighted,0.9922365988909427
627,XGB,test_precision_weighted,0.9923522240138435
624,XGB,test_precision_weighted,0.9923522240138435
618,XGB,test_precision_weighted,0.9923522240138435
611,XGB,test_precision_weighted,0.9923522240138435
610,XGB,test_precision_weighted,0.9923522240138435
606,XGB,test_precision_weighted,0.9923522240138435
600,XGB,test_precision_weighted,0.9923522240138435
629,XGB,test_precision_weighted,0.9923522240138435
626,XGB,test_precision_weighted,0.9923552534930463
615,XGB,test_precision_weighted,0.9923552534930463
608,XGB,test_precision_weighted,0.9923552534930463
604,XGB,test_precision_weighted,0.9923552534930463
602,XGB,test_precision_weighted,0.9923552534930463
609,XGB,test_precision_weighted,0.9923555131311252
623,XGB,test_precision_weighted,0.9923555131311252
619,XGB,test_precision_weighted,0.9923555131311252
614,XGB,test_precision_weighted,0.9923555131311252
613,XGB,test_precision_weighted,0.9923555131311252
603,XGB,test_precision_weighted,0.9923555131311252
1008,RF,test_f1_weighted,0.9948235368323299
992,RF,test_f1_weighted,0.9948235368323299
1001,RF,test_f1_weighted,0.9948235368323299
996,RF,test_f1_weighted,0.9948235368323299
1016,RF,test_f1_weighted,0.9948235368323299
994,RF,test_f1_weighted,0.9948235368323299
1012,RF,test_f1_weighted,0.9948243101352102
1013,RF,test_f1_weighted,0.9948243101352102
1003,RF,test_f1_weighted,0.9948243101352102
1014,RF,test_f1_weighted,0.9948243101352102
1007,RF,test_f1_weighted,0.9948243101352102
1019,RF,test_f1_weighted,0.9948243101352102
1018,RF,test_f1_weighted,0.9948243101352102
479,RF,test_accuracy,0.9948243992606285
461,RF,test_accuracy,0.9948243992606285
463,RF,test_accuracy,0.9948243992606285
468,RF,test_accuracy,0.9948243992606285
478,RF,test_accuracy,0.9948243992606285
472,RF,test_accuracy,0.9948243992606285
454,RF,test_accuracy,0.9948243992606285
473,RF,test_accuracy,0.9948243992606285
474,RF,test_accuracy,0.9948243992606285
476,RF,test_accuracy,0.9948243992606285
452,RF,test_accuracy,0.9948243992606285
467,RF,test_accuracy,0.9948243992606285
456,RF,test_accuracy,0.9948243992606285
828,RF,test_recall_weighted,0.9948243992606285
833,RF,test_recall_weighted,0.9948243992606285
838,RF,test_recall_weighted,0.9948243992606285
836,RF,test_recall_weighted,0.9948243992606285
832,RF,test_recall_weighted,0.9948243992606285
816,RF,test_recall_weighted,0.9948243992606285
827,RF,test_recall_weighted,0.9948243992606285
821,RF,test_recall_weighted,0.9948243992606285
834,RF,test_recall_weighted,0.9948243992606285
823,RF,test_recall_weighted,0.9948243992606285
814,RF,test_recall_weighted,0.9948243992606285
812,RF,test_recall_weighted,0.9948243992606285
839,RF,test_recall_weighted,0.9948243992606285
656,RF,test_precision_weighted,0.9948760445994391
632,RF,test_precision_weighted,0.9948760445994391
634,RF,test_precision_weighted,0.9948760445994391
636,RF,test_precision_weighted,0.9948760445994391
641,RF,test_precision_weighted,0.9948760445994391
648,RF,test_precision_weighted,0.9948760445994391
643,RF,test_precision_weighted,0.9948775212623522
647,RF,test_precision_weighted,0.9948775212623522
652,RF,test_precision_weighted,0.9948775212623522
653,RF,test_precision_weighted,0.9948775212623522
658,RF,test_precision_weighted,0.9948775212623522
659,RF,test_precision_weighted,0.9948775212623522
654,RF,test_precision_weighted,0.9948775212623522
1005,RF,test_f1_weighted,0.9951939654846121
1002,RF,test_f1_weighted,0.9951939654846121
991,RF,test_f1_weighted,0.9951939654846121
995,RF,test_f1_weighted,0.9951939654846121
1006,RF,test_f1_weighted,0.9951939654846121
1004,RF,test_f1_weighted,0.9951939654846121
1017,RF,test_f1_weighted,0.9951939654846121
1015,RF,test_f1_weighted,0.9951939654846121
998,RF,test_f1_weighted,0.9951939654846121
1000,RF,test_f1_weighted,0.9951939654846121
1011,RF,test_f1_weighted,0.9951939654846121
441,XGB,test_accuracy,0.9951940850277264
442,XGB,test_accuracy,0.9951940850277264
824,RF,test_recall_weighted,0.9951940850277264
810,RF,test_recall_weighted,0.9951940850277264
477,RF,test_accuracy,0.9951940850277264
811,RF,test_recall_weighted,0.9951940850277264
445,XGB,test_accuracy,0.9951940850277264
475,RF,test_accuracy,0.9951940850277264
813,RF,test_recall_weighted,0.9951940850277264
471,RF,test_accuracy,0.9951940850277264
450,RF,test_accuracy,0.9951940850277264
451,RF,test_accuracy,0.9951940850277264
462,RF,test_accuracy,0.9951940850277264
822,RF,test_recall_weighted,0.9951940850277264
453,RF,test_accuracy,0.9951940850277264
469,RF,test_accuracy,0.9951940850277264
455,RF,test_accuracy,0.9951940850277264
831,RF,test_recall_weighted,0.9951940850277264
820,RF,test_recall_weighted,0.9951940850277264
466,RF,test_accuracy,0.9951940850277264
465,RF,test_accuracy,0.9951940850277264
464,RF,test_accuracy,0.9951940850277264
458,RF,test_accuracy,0.9951940850277264
459,RF,test_accuracy,0.9951940850277264
460,RF,test_accuracy,0.9951940850277264
819,RF,test_recall_weighted,0.9951940850277264
818,RF,test_recall_weighted,0.9951940850277264
815,RF,test_recall_weighted,0.9951940850277264
425,XGB,test_accuracy,0.9951940850277264
805,XGB,test_recall_weighted,0.9951940850277264
825,RF,test_recall_weighted,0.9951940850277264
829,RF,test_recall_weighted,0.9951940850277264
826,RF,test_recall_weighted,0.9951940850277264
781,XGB,test_recall_weighted,0.9951940850277264
785,XGB,test_recall_weighted,0.9951940850277264
437,XGB,test_accuracy,0.9951940850277264
797,XGB,test_recall_weighted,0.9951940850277264
421,XGB,test_accuracy,0.9951940850277264
837,RF,test_recall_weighted,0.9951940850277264
835,RF,test_recall_weighted,0.9951940850277264
801,XGB,test_recall_weighted,0.9951940850277264
802,XGB,test_recall_weighted,0.9951940850277264
1009,RF,test_f1_weighted,0.9951946146970274
961,XGB,test_f1_weighted,0.9951946146970274
999,RF,test_f1_weighted,0.9951946146970274
981,XGB,test_f1_weighted,0.9951946146970274
993,RF,test_f1_weighted,0.9951946146970274
990,RF,test_f1_weighted,0.9951946146970274
977,XGB,test_f1_weighted,0.9951946146970274
965,XGB,test_f1_weighted,0.9951946146970274
985,XGB,test_f1_weighted,0.9951946146970274
982,XGB,test_f1_weighted,0.9951946146970274
657,RF,test_precision_weighted,0.9952398221394684
655,RF,test_precision_weighted,0.9952398221394684
651,RF,test_precision_weighted,0.9952398221394684
646,RF,test_precision_weighted,0.9952398221394684
645,RF,test_precision_weighted,0.9952398221394684
644,RF,test_precision_weighted,0.9952398221394684
642,RF,test_precision_weighted,0.9952398221394684
640,RF,test_precision_weighted,0.9952398221394684
638,RF,test_precision_weighted,0.9952398221394684
631,RF,test_precision_weighted,0.9952398221394684
635,RF,test_precision_weighted,0.9952398221394684
617,XGB,test_precision_weighted,0.9952411308821236
639,RF,test_precision_weighted,0.9952411308821236
605,XGB,test_precision_weighted,0.9952411308821236
630,RF,test_precision_weighted,0.9952411308821236
625,XGB,test_precision_weighted,0.9952411308821236
601,XGB,test_precision_weighted,0.9952411308821236
649,RF,test_precision_weighted,0.9952411308821236
622,XGB,test_precision_weighted,0.9952411308821236
621,XGB,test_precision_weighted,0.9952411308821236
633,RF,test_precision_weighted,0.9952411308821236
1152,XGB,test_roc_auc,0.9986803334700014
1168,XGB,test_roc_auc,0.9986803334700014
1160,XGB,test_roc_auc,0.9986803334700014
1147,XGB,test_roc_auc,0.9986803334700014
1156,XGB,test_roc_auc,0.9986803334700014
1165,XGB,test_roc_auc,0.9991295784665044
1141,XGB,test_roc_auc,0.9991295784665044
1162,XGB,test_roc_auc,0.9991295784665044
1161,XGB,test_roc_auc,0.9991295784665044
1145,XGB,test_roc_auc,0.9991295784665044
1157,XGB,test_roc_auc,0.9991295784665044
1164,XGB,test_roc_auc,0.9994627785400269
1158,XGB,test_roc_auc,0.9994627785400269
1167,XGB,test_roc_auc,0.9994627785400269
1169,XGB,test_roc_auc,0.9994627785400269
1151,XGB,test_roc_auc,0.9994627785400269
1150,XGB,test_roc_auc,0.9994627785400269
1146,XGB,test_roc_auc,0.9994627785400269
1140,XGB,test_roc_auc,0.9994627785400269
1149,XGB,test_roc_auc,0.9995353286866203
1159,XGB,test_roc_auc,0.9995353286866203
1143,XGB,test_roc_auc,0.9995353286866203
1163,XGB,test_roc_auc,0.9995353286866203
1153,XGB,test_roc_auc,0.9995353286866203
1154,XGB,test_roc_auc,0.9995353286866203
1155,XGB,test_roc_auc,0.9996818378619505
1148,XGB,test_roc_auc,0.9996818378619505
1144,XGB,test_roc_auc,0.9996818378619505
1142,XGB,test_roc_auc,0.9996818378619505
1166,XGB,test_roc_auc,0.9996818378619505
1198,RF,test_roc_auc,0.9999999999999999
1194,RF,test_roc_auc,0.9999999999999999
1193,RF,test_roc_auc,0.9999999999999999
1192,RF,test_roc_auc,0.9999999999999999
1187,RF,test_roc_auc,0.9999999999999999
1183,RF,test_roc_auc,0.9999999999999999
1199,RF,test_roc_auc,0.9999999999999999
1170,RF,test_roc_auc,1.0
1197,RF,test_roc_auc,1.0
1196,RF,test_roc_auc,1.0
1195,RF,test_roc_auc,1.0
1191,RF,test_roc_auc,1.0
1190,RF,test_roc_auc,1.0
1189,RF,test_roc_auc,1.0
1188,RF,test_roc_auc,1.0
1186,RF,test_roc_auc,1.0
1185,RF,test_roc_auc,1.0
1182,RF,test_roc_auc,1.0
1181,RF,test_roc_auc,1.0
1180,RF,test_roc_auc,1.0
1179,RF,test_roc_auc,1.0
1178,RF,test_roc_auc,1.0
1177,RF,test_roc_auc,1.0
1176,RF,test_roc_auc,1.0
1174,RF,test_roc_auc,1.0
1173,RF,test_roc_auc,1.0
1172,RF,test_roc_auc,1.0
1171,RF,test_roc_auc,1.0
1184,RF,test_roc_auc,1.0
1175,RF,test_roc_auc,1.0
